"name","ops","margin","percentSlower","samples","promise","min","max","mean","median","standardDeviation","marginOfError","relativeMarginOfError","standardErrorOfMean","sampleVariance"
"TwinkleTwinkle",0.698,1.91,2.92,8,true,1.380689169,1.473790749,1.4325877049999998,1.4307818715,0.03275650636502125,0.027389476248297177,1.9118882671338564,0.011581173889343415,0.0010729887092416775
"Random 10 notes",0.719,1.43,0,8,true,1.342889501,1.421305074,1.390139754875,1.392818316,0.023725020434085982,0.01983776524970512,1.4270338777189286,0.008388061416365802,0.0005628765945977975
"Random 100 notes",0.713,2.4,0.83,8,true,1.352391587,1.46178059,1.402070884375,1.400054154,0.040160877560346996,0.03358066912851564,2.3950764189418905,0.014199014430662004,0.001612896086417183
"Random 1000 notes",0.715,1.86,0.56,8,true,1.359683613,1.455944537,1.3983610560000002,1.3920974605,0.031110312639651964,0.026013005160731958,1.8602495435007276,0.010999156516165731,0.0009678515525368888